Schema	Tabela	Coluna	Tipo	MaxLen	Null	Ident	PK	FKTo
dbo	__EFMigrationsHistory	MigrationId	nvarchar	300	False	False	1	
dbo	__EFMigrationsHistory	ProductVersion	nvarchar	64	False	False	0	
dbo	Activitys	Id	uniqueidentifier	16	False	False	1	
dbo	Activitys	PresentationCallsQuantity	int	4	False	False	0	
dbo	Activitys	ThecnicalCallsQuantity	int	4	False	False	0	
dbo	Activitys	Sales	int	4	False	False	0	
dbo	Activitys	Score	int	4	False	False	0	
dbo	Activitys	Date	datetime2	8	False	False	0	
dbo	Activitys	UsuarioId	varchar	100	False	False	0	dbo.AspNetUsers
dbo	Activitys	ClientId	uniqueidentifier	16	False	False	0	
dbo	Activitys	IcProdutiva	bit	1	False	False	0	
dbo	Activitys	AreaAtuacaoID	uniqueidentifier	16	True	False	0	
dbo	Administrators	Id	uniqueidentifier	16	False	False	1	
dbo	Administrators	Name	nvarchar	-1	True	False	0	
dbo	Administrators	Email	nvarchar	-1	True	False	0	
dbo	Administrators	AdmissionDate	datetime2	8	False	False	0	
dbo	Administrators	Birthday	datetime2	8	False	False	0	
dbo	Administrators	Photo	varbinary	-1	True	False	0	
dbo	Administrators	Document	nvarchar	-1	True	False	0	
dbo	Administrators	Ativo	bit	1	False	False	0	
dbo	Administrators	PhoneNumber	nvarchar	-1	True	False	0	
dbo	Administrators	UrlPhoto	nvarchar	-1	True	False	0	
dbo	AlertasGestao	Id	uniqueidentifier	16	False	False	1	
dbo	AlertasGestao	UsuarioVendedorId	nvarchar	900	False	False	0	
dbo	AlertasGestao	UsuarioGestorId	nvarchar	900	True	False	0	
dbo	AlertasGestao	CasoCadenciaIaId	uniqueidentifier	16	True	False	0	
dbo	AlertasGestao	Severidade	nvarchar	40	False	False	0	
dbo	AlertasGestao	TipoAlerta	nvarchar	120	False	False	0	
dbo	AlertasGestao	Mensagem	nvarchar	4000	False	False	0	
dbo	AlertasGestao	CriadoEm	datetime2	8	False	False	0	
dbo	AlertasGestao	VistoEm	datetime2	8	True	False	0	
dbo	AlertasGestao	ResolvidoEm	datetime2	8	True	False	0	
dbo	AlertasGestao	AcaoTomada	nvarchar	4000	True	False	0	
dbo	AprendizadoCoordenador	Id	uniqueidentifier	16	False	False	1	
dbo	AprendizadoCoordenador	ConversaId	uniqueidentifier	16	True	False	0	
dbo	AprendizadoCoordenador	UsuarioId	nvarchar	900	False	False	0	
dbo	AprendizadoCoordenador	Contexto	nvarchar	2000	False	False	0	
dbo	AprendizadoCoordenador	Problema	nvarchar	2000	False	False	0	
dbo	AprendizadoCoordenador	SugestaoMelhoria	nvarchar	2000	True	False	0	
dbo	AprendizadoCoordenador	Revisado	bit	1	False	False	0	
dbo	AprendizadoCoordenador	CriadoEm	datetime2	8	False	False	0	
dbo	AreaAtuacaos	Id	uniqueidentifier	16	False	False	1	
dbo	AreaAtuacaos	Descricao	nvarchar	-1	True	False	0	
dbo	AreaAtuacaos	Ativo	bit	1	False	False	0	
dbo	AspNetRoleClaims	Id	int	4	False	True	1	
dbo	AspNetRoleClaims	RoleId	varchar	100	False	False	0	dbo.AspNetRoles
dbo	AspNetRoleClaims	ClaimType	nvarchar	-1	True	False	0	
dbo	AspNetRoleClaims	ClaimValue	nvarchar	-1	True	False	0	
dbo	AspNetRoles	Id	varchar	100	False	False	1	
dbo	AspNetRoles	Name	nvarchar	512	True	False	0	
dbo	AspNetRoles	NormalizedName	nvarchar	512	True	False	0	
dbo	AspNetRoles	ConcurrencyStamp	nvarchar	-1	True	False	0	
dbo	AspNetUserClaims	Id	int	4	False	True	1	
dbo	AspNetUserClaims	UserId	varchar	100	False	False	0	dbo.AspNetUsers
dbo	AspNetUserClaims	ClaimType	nvarchar	-1	True	False	0	
dbo	AspNetUserClaims	ClaimValue	nvarchar	-1	True	False	0	
dbo	AspNetUserLogins	LoginProvider	varchar	100	False	False	1	
dbo	AspNetUserLogins	ProviderKey	varchar	100	False	False	1	
dbo	AspNetUserLogins	ProviderDisplayName	nvarchar	-1	True	False	0	
dbo	AspNetUserLogins	UserId	varchar	100	False	False	0	dbo.AspNetUsers
dbo	AspNetUserRoles	UserId	varchar	100	False	False	1	dbo.AspNetUsers
dbo	AspNetUserRoles	RoleId	varchar	100	False	False	1	dbo.AspNetRoles
dbo	AspNetUsers	Id	varchar	100	False	False	1	
dbo	AspNetUsers	UserName	nvarchar	512	True	False	0	
dbo	AspNetUsers	NormalizedUserName	nvarchar	512	True	False	0	
dbo	AspNetUsers	Email	nvarchar	512	True	False	0	
dbo	AspNetUsers	NormalizedEmail	nvarchar	512	True	False	0	
dbo	AspNetUsers	EmailConfirmed	bit	1	False	False	0	
dbo	AspNetUsers	PasswordHash	nvarchar	-1	True	False	0	
dbo	AspNetUsers	SecurityStamp	nvarchar	-1	True	False	0	
dbo	AspNetUsers	ConcurrencyStamp	nvarchar	-1	True	False	0	
dbo	AspNetUsers	PhoneNumber	nvarchar	-1	True	False	0	
dbo	AspNetUsers	PhoneNumberConfirmed	bit	1	False	False	0	
dbo	AspNetUsers	TwoFactorEnabled	bit	1	False	False	0	
dbo	AspNetUsers	LockoutEnd	datetimeoffset	10	True	False	0	
dbo	AspNetUsers	LockoutEnabled	bit	1	False	False	0	
dbo	AspNetUsers	AccessFailedCount	int	4	False	False	0	
dbo	AspNetUsers	Ativo	bit	1	False	False	0	
dbo	AspNetUsers	CPF	nvarchar	-1	True	False	0	
dbo	AspNetUsers	DataAdmissao	datetime2	8	False	False	0	
dbo	AspNetUsers	DataNascimento	datetime2	8	False	False	0	
dbo	AspNetUsers	Nome	nvarchar	-1	True	False	0	
dbo	AspNetUsers	URLPhoto	nvarchar	-1	True	False	0	
dbo	AspNetUsers	Senha	nvarchar	-1	True	False	0	
dbo	AspNetUsers	IcVendedor	bit	1	True	False	0	
dbo	AspNetUsers	CaminhoAssinatura	nvarchar	-1	True	False	0	
dbo	AspNetUsers	EquipeId	uniqueidentifier	16	True	False	0	dbo.CadastroEquipes
dbo	AspNetUsers	OrganizacaoId	uniqueidentifier	16	True	False	0	dbo.Organizacoes
dbo	AspNetUsers	LinkedinUrl	nvarchar	1000	True	False	0	
dbo	AspNetUserTokens	UserId	varchar	100	False	False	1	dbo.AspNetUsers
dbo	AspNetUserTokens	LoginProvider	varchar	100	False	False	1	
dbo	AspNetUserTokens	Name	varchar	100	False	False	1	
dbo	AspNetUserTokens	Value	nvarchar	-1	True	False	0	
dbo	AtividadesDiarias	Id	uniqueidentifier	16	False	False	1	
dbo	AtividadesDiarias	DtCadastro	datetime	8	False	False	0	
dbo	AtividadesDiarias	Linkedin	int	4	False	False	0	
dbo	AtividadesDiarias	Indicacao	int	4	False	False	0	
dbo	AtividadesDiarias	WhatsEnviado	int	4	False	False	0	
dbo	AtividadesDiarias	InteracaoMensagem	int	4	False	False	0	
dbo	AtividadesDiarias	ReuniaoAgendada	int	4	False	False	0	
dbo	AtividadesDiarias	ReuniaoExecutada	int	4	False	False	0	
dbo	AtividadesDiarias	Obs	varchar	255	True	False	0	
dbo	AtividadesDiarias	PropostasEnviadas	int	4	False	False	0	
dbo	AtividadesDiarias	QuantidadeLigacoes	int	4	False	False	0	
dbo	AtividadesDiarias	DtCriadoNoBanco	datetime	8	True	False	0	
dbo	AtividadesDiarias	UsuarioId	varchar	100	True	False	0	dbo.AspNetUsers
dbo	AuditDeleteTable	Id	int	4	False	True	0	
dbo	AuditDeleteTable	TableName	nvarchar	510	True	False	0	
dbo	AuditDeleteTable	DeletedData	nvarchar	-1	True	False	0	
dbo	AuditDeleteTable	DeletedAt	datetime	8	True	False	0	
dbo	CadastroEquipes	Id	uniqueidentifier	16	False	False	1	
dbo	CadastroEquipes	Descricao	nvarchar	510	False	False	0	
dbo	CadastroEquipes	Ativo	bit	1	False	False	0	
dbo	CalendarioPagamentos	Id	uniqueidentifier	16	False	False	1	
dbo	CalendarioPagamentos	DtReferencia	datetime2	8	False	False	0	
dbo	CalendarioPagamentos	DtInicio	datetime2	8	False	False	0	
dbo	CalendarioPagamentos	DtFim	datetime2	8	False	False	0	
dbo	CardsProspeccao	Id	uniqueidentifier	16	False	False	1	
dbo	CardsProspeccao	UsuarioId	nvarchar	900	False	False	0	
dbo	CardsProspeccao	AreaAtuacaoId	uniqueidentifier	16	True	False	0	
dbo	CardsProspeccao	ClientReferenciaId	uniqueidentifier	16	True	False	0	
dbo	CardsProspeccao	EmpresaNome	nvarchar	600	False	False	0	
dbo	CardsProspeccao	EmpresaSite	nvarchar	1000	True	False	0	
dbo	CardsProspeccao	EmpresaCnpj	nvarchar	40	True	False	0	
dbo	CardsProspeccao	EmpresaCidade	nvarchar	240	True	False	0	
dbo	CardsProspeccao	EmpresaEstado	nvarchar	120	True	False	0	
dbo	CardsProspeccao	DecisorNome	nvarchar	600	False	False	0	
dbo	CardsProspeccao	DecisorCargo	nvarchar	400	True	False	0	
dbo	CardsProspeccao	DecisorLinkedin	nvarchar	1000	True	False	0	
dbo	CardsProspeccao	DecisorEmail	nvarchar	600	True	False	0	
dbo	CardsProspeccao	ResumoPublico	nvarchar	-1	True	False	0	
dbo	CardsProspeccao	SinalDor	nvarchar	-1	True	False	0	
dbo	CardsProspeccao	RascunhoMensagem	nvarchar	-1	True	False	0	
dbo	CardsProspeccao	JustificativaIa	nvarchar	-1	True	False	0	
dbo	CardsProspeccao	Status	int	4	False	False	0	
dbo	CardsProspeccao	CriadoEm	datetime2	8	False	False	0	
dbo	CardsProspeccao	AtualizadoEm	datetime2	8	True	False	0	
dbo	CardsProspeccao	UltimaAtividadeEm	datetime2	8	True	False	0	
dbo	CardsProspeccao	ExpiracaoEm	datetime2	8	True	False	0	
dbo	CardsProspeccao	ConvertidoEmPreLeadId	uniqueidentifier	16	True	False	0	
dbo	CardsProspeccao	ModeloUtilizado	nvarchar	240	True	False	0	
dbo	CardsProspeccao	VersaoPrompt	nvarchar	80	True	False	0	
dbo	CardsProspeccao	PrioridadeIa	int	4	True	False	0	
dbo	CardsProspeccao	MotivoPrioridadeIa	nvarchar	1000	True	False	0	
dbo	CardsProspeccao	PrioridadeAtualizadaEm	datetime2	8	True	False	0	
dbo	CardsProspeccao	ProximoReengajamentoEm	datetime2	8	True	False	0	
dbo	CardsProspeccao	TentativasReengajamento	int	4	False	False	0	
dbo	CasosCadenciaIa	Id	uniqueidentifier	16	False	False	1	
dbo	CasosCadenciaIa	UsuarioVendedorId	nvarchar	900	False	False	0	
dbo	CasosCadenciaIa	TipoEntidade	nvarchar	80	False	False	0	
dbo	CasosCadenciaIa	EntidadeId	uniqueidentifier	16	False	False	0	
dbo	CasosCadenciaIa	EmpresaClientId	uniqueidentifier	16	True	False	0	
dbo	CasosCadenciaIa	ContatoAtualId	uniqueidentifier	16	True	False	0	
dbo	CasosCadenciaIa	Status	int	4	False	False	0	
dbo	CasosCadenciaIa	FaseVendaId	uniqueidentifier	16	True	False	0	
dbo	CasosCadenciaIa	ScoreAtual	int	4	True	False	0	
dbo	CasosCadenciaIa	CanalAtual	int	4	True	False	0	
dbo	CasosCadenciaIa	NumeroTentativas	int	4	False	False	0	
dbo	CasosCadenciaIa	NumeroContatosAlternativosTentados	int	4	False	False	0	
dbo	CasosCadenciaIa	ProximaAcaoEm	datetime2	8	True	False	0	
dbo	CasosCadenciaIa	UltimaAcaoEm	datetime2	8	True	False	0	
dbo	CasosCadenciaIa	MotivoStatus	nvarchar	1000	True	False	0	
dbo	CasosCadenciaIa	CriadoEm	datetime2	8	False	False	0	
dbo	CasosCadenciaIa	AtualizadoEm	datetime2	8	True	False	0	
dbo	CasosCadenciaIa	TentativasSemSucesso	int	4	False	False	0	
dbo	CasosCadenciaIa	HibernandoAte	datetime2	8	True	False	0	
dbo	CategoriaSkills	Id	uniqueidentifier	16	False	False	1	
dbo	CategoriaSkills	Nome	nvarchar	-1	False	False	0	
dbo	CategoriaSkills	Ativo	bit	1	False	False	0	
dbo	ClaimTypes	Id	uniqueidentifier	16	False	False	1	
dbo	ClaimTypes	Claimtype	nvarchar	-1	True	False	0	
dbo	ClientContacts	Id	uniqueidentifier	16	False	False	1	
dbo	ClientContacts	ClientID	uniqueidentifier	16	False	False	0	dbo.Clients
dbo	ClientContacts	Name	nvarchar	-1	True	False	0	
dbo	ClientContacts	Email	nvarchar	-1	True	False	0	
dbo	ClientContacts	Telephone	nvarchar	-1	True	False	0	
dbo	ClientContacts	JobCompanyClient	nvarchar	-1	True	False	0	
dbo	ClientContacts	Colaborador	bit	1	False	False	0	
dbo	ClientContacts	Nascimento	datetime2	8	True	False	0	
dbo	ClientContacts	Tags	nvarchar	-1	True	False	0	
dbo	ClientContacts	Linkedin	nvarchar	-1	True	False	0	
dbo	ClientContacts	DecisionLevel	int	4	True	False	0	
dbo	ClientContacts	Departamento	nvarchar	240	True	False	0	
dbo	ClientContacts	UltimoContato	datetime	8	True	False	0	
dbo	ClientContacts	PreferenciaContato	int	4	True	False	0	
dbo	Clients	Id	uniqueidentifier	16	False	False	1	
dbo	Clients	RazaoSocial	nvarchar	-1	True	False	0	
dbo	Clients	CNPJ	nvarchar	-1	True	False	0	
dbo	Clients	Ativo	bit	1	False	False	0	
dbo	Clients	Creationdate	datetime2	8	False	False	0	
dbo	Clients	AreaAtuacaoID	uniqueidentifier	16	True	False	0	dbo.AreaAtuacaos
dbo	Clients	B2bID	bit	1	False	False	0	
dbo	Clients	Bairro	nvarchar	-1	True	False	0	
dbo	Clients	Cep	nvarchar	-1	True	False	0	
dbo	Clients	Cidade	nvarchar	-1	True	False	0	
dbo	Clients	Complemento	nvarchar	-1	True	False	0	
dbo	Clients	DetalhesDoMotivo	nvarchar	-1	True	False	0	
dbo	Clients	Email	nvarchar	-1	True	False	0	
dbo	Clients	Endereco	nvarchar	-1	True	False	0	
dbo	Clients	Estado	nvarchar	-1	True	False	0	
dbo	Clients	FaseAtivo	bit	1	False	False	0	
dbo	Clients	FaseVendaID	uniqueidentifier	16	True	False	0	dbo.FaseVendas
dbo	Clients	Informacoes	nvarchar	-1	True	False	0	
dbo	Clients	MotivoConclusaoVendaID	uniqueidentifier	16	True	False	0	dbo.MotivoConclusaoVendas
dbo	Clients	NameClient	nvarchar	-1	True	False	0	
dbo	Clients	Pais	nvarchar	-1	True	False	0	
dbo	Clients	Telefone	nvarchar	-1	True	False	0	
dbo	Clients	UsuarioId	varchar	100	True	False	0	dbo.AspNetUsers
dbo	Clients	DtAssinaturaContrato	datetime2	8	True	False	0	
dbo	Clients	DtEncerramentoContrato	datetime2	8	True	False	0	
dbo	Clients	ObsContrato	nvarchar	-1	True	False	0	
dbo	Clients	StatusClient	int	4	False	False	0	
dbo	Clients	DeliveryManager	nvarchar	-1	True	False	0	
dbo	Clients	CanalDeContato	int	4	True	False	0	
dbo	Clients	WhoIndicated	varchar	100	True	False	0	
dbo	Clients	LinkMeeting	nvarchar	-1	True	False	0	
dbo	Clients	Arquivos	nvarchar	-1	True	False	0	
dbo	Clients	BI	nvarchar	-1	True	False	0	
dbo	Clients	Backup	nvarchar	-1	True	False	0	
dbo	Clients	Banco	nvarchar	-1	True	False	0	
dbo	Clients	Desenvolvimento	nvarchar	-1	True	False	0	
dbo	Clients	Erp	nvarchar	-1	True	False	0	
dbo	Clients	Infraestrutura	nvarchar	-1	True	False	0	
dbo	Clients	Integracoes	nvarchar	-1	True	False	0	
dbo	Clients	IcProdutivo	bit	1	True	False	0	
dbo	Clients	Comentario	nvarchar	-1	True	False	0	
dbo	Clients	DocumentoID	uniqueidentifier	16	True	False	0	
dbo	Clients	DtProdutivo	datetime2	8	True	False	0	
dbo	Clients	IcFavorito	bit	1	True	False	0	
dbo	Clients	PreLeadId	uniqueidentifier	16	True	False	0	dbo.PreLeads
dbo	ConfiguracaoApps	Id	uniqueidentifier	16	False	False	1	
dbo	ConfiguracaoApps	EmailContato	varchar	255	True	False	0	
dbo	ConfiguracaoApps	TelefoneContato	varchar	255	True	False	0	
dbo	ConfiguracaoApps	ValorCall	decimal	9	False	False	0	
dbo	ConfiguracoesAgenteIa	Id	uniqueidentifier	16	False	False	1	
dbo	ConfiguracoesAgenteIa	NomeAgente	nvarchar	200	False	False	0	
dbo	ConfiguracoesAgenteIa	Escopo	int	4	False	False	0	
dbo	ConfiguracoesAgenteIa	EscopoId	nvarchar	360	True	False	0	
dbo	ConfiguracoesAgenteIa	Habilitado	bit	1	False	False	0	
dbo	ConfiguracoesAgenteIa	Parametros	nvarchar	-1	True	False	0	
dbo	ConfiguracoesAgenteIa	AtualizadoEm	datetime2	8	False	False	0	
dbo	ConfiguracoesAgenteIa	AtualizadoPor	nvarchar	-1	True	False	0	
dbo	ControlesJuridicos	Id	uniqueidentifier	16	False	False	1	
dbo	ControlesJuridicos	ClientId	uniqueidentifier	16	False	False	0	dbo.Clients
dbo	ControlesJuridicos	TipoJuridicoId	uniqueidentifier	16	True	False	0	dbo.TipoJuridico
dbo	ControlesJuridicos	StatusJuridicoId	uniqueidentifier	16	True	False	0	dbo.StatusJuridicos
dbo	ControlesJuridicos	DataInicio	datetime2	8	False	False	0	
dbo	ConversaCoordenador	Id	uniqueidentifier	16	False	False	1	
dbo	ConversaCoordenador	UsuarioId	nvarchar	900	False	False	0	
dbo	ConversaCoordenador	TituloResumo	nvarchar	400	True	False	0	
dbo	ConversaCoordenador	IniciadaEm	datetime2	8	False	False	0	
dbo	ConversaCoordenador	UltimaMensagemEm	datetime2	8	False	False	0	
dbo	ConversaCoordenador	TotalMensagens	int	4	False	False	0	
dbo	DetalhesControleJuridico	Id	uniqueidentifier	16	False	False	1	
dbo	DetalhesControleJuridico	ControleJuridicoId	uniqueidentifier	16	False	False	0	dbo.ControlesJuridicos
dbo	DetalhesControleJuridico	DataEvento	datetime2	8	False	False	0	
dbo	DetalhesControleJuridico	DataPrevisaoRetorno	datetime2	8	False	False	0	
dbo	DetalhesControleJuridico	Descricao	nvarchar	-1	True	False	0	
dbo	DocumentosClientes	Id	uniqueidentifier	16	True	False	0	
dbo	DocumentosClientes	ClientsId	uniqueidentifier	16	False	False	0	dbo.Clients
dbo	DocumentosClientes	StatusId	uniqueidentifier	16	False	False	0	dbo.StatusPropostas
dbo	DocumentosClientes	TipoDocumentoId	uniqueidentifier	16	False	False	0	dbo.TipoJuridico
dbo	DocumentosClientes	DtAssinatura	datetime	8	True	False	0	
dbo	DocumentosClientes	DtValidade	datetime	8	True	False	0	
dbo	DocumentosClientes	Observacao	nvarchar	-1	True	False	0	
dbo	DocumentosClientes	CaminhoDocumentoPdf	varchar	255	False	False	0	
dbo	DocumentosClientes	CaminhoDocumentoWord	varchar	255	True	False	0	
dbo	DocumentosClientes	UsuarioUploadId	varchar	100	False	False	0	dbo.AspNetUsers
dbo	DocumentosClientes	DtUpload	datetime	8	False	False	0	
dbo	DocumentosClientes	NrProposta	varchar	20	True	False	0	
dbo	DocumentosClientes	VlProposta	decimal	9	True	False	0	
dbo	Escolaridades	Id	uniqueidentifier	16	False	False	1	
dbo	Escolaridades	Descricao	nvarchar	-1	False	False	0	
dbo	Escolaridades	Ativo	bit	1	False	False	0	
dbo	EventosProspeccao	Id	uniqueidentifier	16	False	False	1	
dbo	EventosProspeccao	CardProspeccaoId	uniqueidentifier	16	False	False	0	dbo.CardsProspeccao
dbo	EventosProspeccao	UsuarioId	nvarchar	900	True	False	0	
dbo	EventosProspeccao	Tipo	int	4	False	False	0	
dbo	EventosProspeccao	StatusDe	int	4	True	False	0	
dbo	EventosProspeccao	StatusPara	int	4	True	False	0	
dbo	EventosProspeccao	Comentario	nvarchar	-1	True	False	0	
dbo	EventosProspeccao	GeradoPorIa	bit	1	False	False	0	
dbo	EventosProspeccao	CriadoEm	datetime2	8	False	False	0	
dbo	FaseVendas	Id	uniqueidentifier	16	False	False	1	
dbo	FaseVendas	Descricao	nvarchar	-1	True	False	0	
dbo	FaseVendas	Ativo	bit	1	False	False	0	
dbo	FaseVendas	Ordem	int	4	False	False	0	
dbo	FeedbackPassoIa	Id	uniqueidentifier	16	False	False	1	
dbo	FeedbackPassoIa	PassoId	uniqueidentifier	16	False	False	0	
dbo	FeedbackPassoIa	UsuarioId	nvarchar	900	False	False	0	
dbo	FeedbackPassoIa	Avaliacao	bit	1	False	False	0	
dbo	FeedbackPassoIa	ObservacaoCurta	nvarchar	1000	True	False	0	
dbo	FeedbackPassoIa	CriadoEm	datetime2	8	False	False	0	
dbo	Feriados	Id	uniqueidentifier	16	False	False	1	
dbo	Feriados	Data	datetime2	8	False	False	0	
dbo	Feriados	Descricao	nvarchar	-1	True	False	0	
dbo	Feriados	Tipo	int	4	False	False	0	
dbo	Feriados	UF	nvarchar	-1	True	False	0	
dbo	HistoricoFaseCliente	Id	uniqueidentifier	16	False	False	1	
dbo	HistoricoFaseCliente	ClientId	uniqueidentifier	16	False	False	0	
dbo	HistoricoFaseCliente	FaseVendaId	uniqueidentifier	16	False	False	0	
dbo	HistoricoFaseCliente	DataEntrada	datetime2	8	False	False	0	
dbo	HistoricoFaseCliente	DataSaida	datetime2	8	True	False	0	
dbo	HistoricoFaseCliente	UsuarioId	nvarchar	900	True	False	0	
dbo	HistoricoPreLead	Id	uniqueidentifier	16	False	False	1	
dbo	HistoricoPreLead	PreLeadId	uniqueidentifier	16	False	False	0	dbo.PreLeads
dbo	HistoricoPreLead	DtHistorico	datetime	8	True	False	0	
dbo	HistoricoPreLead	Descricao	nvarchar	-1	True	False	0	
dbo	HistoricoPreLead	UsuarioId	varchar	256	True	False	0	
dbo	HistoricoPreLeads	Id	uniqueidentifier	16	False	False	1	
dbo	HistoricoPreLeads	PreLeadId	uniqueidentifier	16	True	False	0	dbo.PreLeads
dbo	HistoricoPreLeads	UsuarioId	varchar	100	True	False	0	dbo.AspNetUsers
dbo	HistoricoPreLeads	DtHistorico	datetime2	8	True	False	0	
dbo	HistoricoPreLeads	Descricao	varchar	-1	True	False	0	
dbo	IAProcessamentoLog	Id	uniqueidentifier	16	False	False	1	
dbo	IAProcessamentoLog	ReuniaoId	uniqueidentifier	16	True	False	0	dbo.Reunioes
dbo	IAProcessamentoLog	EntidadeId	uniqueidentifier	16	True	False	0	
dbo	IAProcessamentoLog	TipoProcessamento	nvarchar	200	False	False	0	
dbo	IAProcessamentoLog	ModeloUtilizado	nvarchar	200	False	False	0	
dbo	IAProcessamentoLog	VersaoPrompt	nvarchar	100	False	False	0	
dbo	IAProcessamentoLog	PromptEnviado	nvarchar	-1	False	False	0	
dbo	IAProcessamentoLog	RespostaRecebida	nvarchar	-1	True	False	0	
dbo	IAProcessamentoLog	TokensInput	int	4	True	False	0	
dbo	IAProcessamentoLog	TokensOutput	int	4	True	False	0	
dbo	IAProcessamentoLog	TokensTotal	int	4	True	False	0	
dbo	IAProcessamentoLog	CustoEstimadoUSD	decimal	9	True	False	0	
dbo	IAProcessamentoLog	DuracaoMs	int	4	True	False	0	
dbo	IAProcessamentoLog	StatusChamada	nvarchar	100	False	False	0	
dbo	IAProcessamentoLog	ErroDetalhes	nvarchar	-1	True	False	0	
dbo	IAProcessamentoLog	DataChamada	datetime2	8	False	False	0	
dbo	IAProcessamentoLog	TemperaturaUsada	decimal	5	True	False	0	
dbo	IAProcessamentoLog	MaxTokensConfig	int	4	True	False	0	
dbo	JobCompanys	Id	uniqueidentifier	16	False	False	1	
dbo	JobCompanys	Job	nvarchar	-1	True	False	0	
dbo	JobCompanys	Description	nvarchar	-1	True	False	0	
dbo	JobCompanys	IcAtivo	bit	1	False	False	0	
dbo	KanbanV2AcessoWhitelist	Id	uniqueidentifier	16	False	False	1	
dbo	KanbanV2AcessoWhitelist	UsuarioId	nvarchar	900	False	False	0	
dbo	KanbanV2AcessoWhitelist	HabilitadoEm	datetime2	8	False	False	0	
dbo	KanbanV2AcessoWhitelist	HabilitadoPor	nvarchar	900	True	False	0	
dbo	KanbanV2AcessoWhitelist	Motivo	nvarchar	1000	True	False	0	
dbo	KanbanV2AcessoWhitelist	EhAdminCoordenador	bit	1	False	False	0	
dbo	LogAuditoria	Id	uniqueidentifier	16	False	False	1	
dbo	LogAuditoria	DtAlteracao	datetime2	8	False	False	0	
dbo	LogAuditoria	Tabela	nvarchar	100	False	False	0	
dbo	LogAuditoria	Operacao	nvarchar	100	False	False	0	
dbo	LogAuditoria	ColaboradorId	uniqueidentifier	16	False	False	0	
dbo	LogAuditoria	JsonOperacao	nvarchar	-1	False	False	0	
dbo	LogAuditoria	JsonOperacaoLog	nvarchar	-1	True	False	0	
dbo	LogBackgroundService	Id	uniqueidentifier	16	False	False	1	
dbo	LogBackgroundService	DesativacaoLead	varchar	100	False	False	0	
dbo	LogBackgroundService	DtRobo	datetime	8	False	False	0	
dbo	LogBackgroundService	Status	varchar	50	False	False	0	
dbo	LogBackgroundService	MsgErro	varchar	-1	True	False	0	
dbo	LogConversaoPreLead	Id	uniqueidentifier	16	False	False	1	
dbo	LogConversaoPreLead	UsuarioId	varchar	100	True	False	0	
dbo	LogConversaoPreLead	DataLog	datetime	8	False	False	0	
dbo	LogConversaoPreLead	Acao	varchar	100	True	False	0	
dbo	LogConversaoPreLead	DadosPreLead	nvarchar	-1	True	False	0	
dbo	LogDados	Id	uniqueidentifier	16	False	False	1	
dbo	LogDados	Action	nvarchar	-1	True	False	0	
dbo	LogDados	OriginalValues	nvarchar	-1	True	False	0	
dbo	LogDados	NewValues	nvarchar	-1	True	False	0	
dbo	LogDados	Date	datetime2	8	False	False	0	
dbo	LogDadosDashboardVendedor	Id	uniqueidentifier	16	False	False	1	
dbo	LogDadosDashboardVendedor	DtAlteracao	datetime2	8	False	False	0	
dbo	LogDadosDashboardVendedor	Tabela	nvarchar	100	False	False	0	
dbo	LogDadosDashboardVendedor	Operacao	nvarchar	100	False	False	0	
dbo	LogDadosDashboardVendedor	ColaboradorId	uniqueidentifier	16	False	False	0	
dbo	LogDadosDashboardVendedor	JsonOperacao	nvarchar	-1	False	False	0	
dbo	LogDadosDashboardVendedor	JsonOperacaoLog	nvarchar	-1	True	False	0	
dbo	LogDetalheDesativacao	Id	uniqueidentifier	16	False	False	1	
dbo	LogDetalheDesativacao	LogBackgroundServiceId	uniqueidentifier	16	False	False	0	dbo.LogBackgroundService
dbo	LogDetalheDesativacao	Lead	varchar	255	True	False	0	
dbo	LogDetalheDesativacao	Vendedor	varchar	255	True	False	0	
dbo	LogsExecucaoAgenteIa	Id	uniqueidentifier	16	False	False	1	
dbo	LogsExecucaoAgenteIa	NomeAgente	nvarchar	200	False	False	0	
dbo	LogsExecucaoAgenteIa	VersaoPrompt	nvarchar	40	True	False	0	
dbo	LogsExecucaoAgenteIa	EventoOrigem	nvarchar	200	True	False	0	
dbo	LogsExecucaoAgenteIa	IdempotencyKey	nvarchar	400	True	False	0	
dbo	LogsExecucaoAgenteIa	InputHash	nvarchar	128	True	False	0	
dbo	LogsExecucaoAgenteIa	OutputResumo	nvarchar	-1	True	False	0	
dbo	LogsExecucaoAgenteIa	TokensInput	int	4	False	False	0	
dbo	LogsExecucaoAgenteIa	TokensOutput	int	4	False	False	0	
dbo	LogsExecucaoAgenteIa	LatenciaMs	bigint	8	False	False	0	
dbo	LogsExecucaoAgenteIa	Erro	nvarchar	-1	True	False	0	
dbo	LogsExecucaoAgenteIa	ExecutadoEm	datetime2	8	False	False	0	
dbo	LogTarefa	Id	uniqueidentifier	16	False	False	1	
dbo	LogTarefa	DtAlteracao	datetime2	8	False	False	0	
dbo	LogTarefa	Tabela	nvarchar	100	False	False	0	
dbo	LogTarefa	Operacao	nvarchar	100	False	False	0	
dbo	LogTarefa	ColaboradorId	uniqueidentifier	16	False	False	0	
dbo	LogTarefa	JsonOperacao	nvarchar	-1	False	False	0	
dbo	LogTarefa	JsonOperacaoLog	nvarchar	-1	True	False	0	
dbo	MensagemConversa	Id	uniqueidentifier	16	False	False	1	
dbo	MensagemConversa	ConversaId	uniqueidentifier	16	False	False	0	
dbo	MensagemConversa	Papel	nvarchar	40	False	False	0	
dbo	MensagemConversa	Conteudo	nvarchar	-1	False	False	0	
dbo	MensagemConversa	ToolNome	nvarchar	200	True	False	0	
dbo	MensagemConversa	ToolResultado	nvarchar	-1	True	False	0	
dbo	MensagemConversa	TokensIn	int	4	True	False	0	
dbo	MensagemConversa	TokensOut	int	4	True	False	0	
dbo	MensagemConversa	CriadoEm	datetime2	8	False	False	0	
dbo	MetricaRanking	Id	uniqueidentifier	16	False	False	1	
dbo	MetricaRanking	Descricao	nvarchar	-1	True	False	0	
dbo	MetricaRanking	ValorCallTecnica	int	4	False	False	0	
dbo	MetricaRanking	ValorCallVenda	int	4	False	False	0	
dbo	MetricaRanking	ValorCallApresentacao	int	4	False	False	0	
dbo	MetricaRanking	MetricaCallTecnica	int	4	False	False	0	
dbo	MetricaRanking	MetricaCallVenda	decimal	9	True	False	0	
dbo	MetricaRanking	MetricaCallApresentacao	int	4	False	False	0	
dbo	MetricaRanking	Vigencia	datetime2	8	False	False	0	
dbo	MetricaRanking	MetricaClientesProdutivos	int	4	False	False	0	
dbo	MotivoConclusaoVendas	Id	uniqueidentifier	16	False	False	1	
dbo	MotivoConclusaoVendas	Descricao	nvarchar	-1	True	False	0	
dbo	MotivoConclusaoVendas	Ativo	bit	1	False	False	0	
dbo	MotivoRecusaPropostas	Id	uniqueidentifier	16	False	False	1	
dbo	MotivoRecusaPropostas	Descricao	nvarchar	500	False	False	0	
dbo	MotivoRecusaPropostas	Ativo	bit	1	False	False	0	
dbo	Organizacoes	Id	uniqueidentifier	16	False	False	1	
dbo	Organizacoes	Descricao	varchar	100	False	False	0	
dbo	Organizacoes	Ativo	bit	1	False	False	0	
dbo	Participantes	Id	uniqueidentifier	16	False	False	1	
dbo	Participantes	ReuniaoId	uniqueidentifier	16	False	False	0	dbo.Reunioes
dbo	Participantes	Nome	nvarchar	510	False	False	0	
dbo	Participantes	Email	nvarchar	510	False	False	0	
dbo	Participantes	Tipo	nvarchar	100	True	False	0	
dbo	Participantes	Status	nvarchar	100	True	False	0	
dbo	PassosCadenciaIa	Id	uniqueidentifier	16	False	False	1	
dbo	PassosCadenciaIa	CasoCadenciaIaId	uniqueidentifier	16	False	False	0	dbo.CasosCadenciaIa
dbo	PassosCadenciaIa	Ordem	int	4	False	False	0	
dbo	PassosCadenciaIa	Canal	int	4	False	False	0	
dbo	PassosCadenciaIa	AcaoSugerida	nvarchar	1000	False	False	0	
dbo	PassosCadenciaIa	MensagemSugerida	nvarchar	-1	True	False	0	
dbo	PassosCadenciaIa	DataPrevista	datetime2	8	False	False	0	
dbo	PassosCadenciaIa	ExecutadaEm	datetime2	8	True	False	0	
dbo	PassosCadenciaIa	Resultado	int	4	False	False	0	
dbo	PassosCadenciaIa	ObservacaoVendedor	nvarchar	4000	True	False	0	
dbo	PassosCadenciaIa	CriadaPorIa	bit	1	False	False	0	
dbo	PassosCadenciaIa	TarefaCrmId	uniqueidentifier	16	True	False	0	
dbo	PassosCadenciaIa	RazaoDecisaoIa	nvarchar	2000	True	False	0	
dbo	PassosCadenciaIa	ConfidenceIa	int	4	True	False	0	
dbo	PassosCadenciaIa	AgenteOrigem	nvarchar	120	True	False	0	
dbo	PerfilVendedorIa	UsuarioId	nvarchar	900	False	False	1	
dbo	PerfilVendedorIa	CanalConversaoTop	tinyint	1	True	False	0	
dbo	PerfilVendedorIa	CanalConversaoPct	float	8	True	False	0	
dbo	PerfilVendedorIa	HorarioMelhorRespostaInicio	time	5	True	False	0	
dbo	PerfilVendedorIa	HorarioMelhorRespostaFim	time	5	True	False	0	
dbo	PerfilVendedorIa	SegmentoConversaoTop	nvarchar	400	True	False	0	
dbo	PerfilVendedorIa	SegmentoConversaoPct	float	8	True	False	0	
dbo	PerfilVendedorIa	Amostragem	int	4	False	False	0	
dbo	PerfilVendedorIa	AtualizadoEm	datetime2	8	False	False	0	
dbo	PosVendaClientes	Id	uniqueidentifier	16	False	False	1	
dbo	PosVendaClientes	ClientID	uniqueidentifier	16	False	False	0	dbo.Clients
dbo	PosVendaClientes	Data	datetime2	8	False	False	0	
dbo	PosVendaClientes	Descricao	nvarchar	-1	True	False	0	
dbo	PosVendaClientes	Avaliacao	int	4	False	False	0	
dbo	PosVendaClientes	ProxContato	datetime2	8	False	False	0	
dbo	PreLeadAssociacaoUsuario	Id	uniqueidentifier	16	False	False	1	
dbo	PreLeadAssociacaoUsuario	UsuarioId	varchar	100	False	False	0	dbo.AspNetUsers
dbo	PreLeadAssociacaoUsuario	PreLeadId	uniqueidentifier	16	False	False	0	dbo.PreLeads
dbo	PreLeadAssociacaoUsuario	DtAssociacao	datetime	8	False	False	0	
dbo	PreLeads	Id	uniqueidentifier	16	False	False	1	
dbo	PreLeads	UsuarioId	varchar	100	True	False	0	dbo.AspNetUsers
dbo	PreLeads	Telefone	nvarchar	200	True	False	0	
dbo	PreLeads	NomeContato	varchar	100	False	False	0	
dbo	PreLeads	EmailContato	varchar	100	True	False	0	
dbo	PreLeads	NomeEmpresa	nvarchar	-1	True	False	0	
dbo	PreLeads	Descricao	varchar	-1	True	False	0	
dbo	PreLeads	StatusPreLeadId	uniqueidentifier	16	False	False	0	dbo.StatusPreLeads
dbo	PreLeads	DtRetorno	datetime2	8	False	False	0	
dbo	PreLeads	DtCriacao	datetime2	8	True	False	0	
dbo	PreLeads	Cargo	nvarchar	-1	True	False	0	
dbo	PreLeads	Linkedin	nvarchar	-1	True	False	0	
dbo	PreLeads	LinkEmpresa	nvarchar	-1	True	False	0	
dbo	PreLeads	DtConversao	datetime2	8	True	False	0	
dbo	PreLeads	DtAtualizacao	datetime2	8	True	False	0	
dbo	RegraAprendida	Id	uniqueidentifier	16	False	False	1	
dbo	RegraAprendida	Escopo	nvarchar	100	False	False	0	
dbo	RegraAprendida	UsuarioIdAlvo	nvarchar	900	True	False	0	
dbo	RegraAprendida	Regra	nvarchar	1000	False	False	0	
dbo	RegraAprendida	Ativa	bit	1	False	False	0	
dbo	RegraAprendida	CriadaPor	nvarchar	900	False	False	0	
dbo	RegraAprendida	AprovadaPor	nvarchar	900	True	False	0	
dbo	RegraAprendida	CriadaEm	datetime2	8	False	False	0	
dbo	RegraAprendida	AtualizadaEm	datetime2	8	True	False	0	
dbo	ReuniaoBackgroundProcessamentoLog	Id	uniqueidentifier	16	False	False	1	
dbo	ReuniaoBackgroundProcessamentoLog	ReuniaoId	uniqueidentifier	16	False	False	0	dbo.Reunioes
dbo	ReuniaoBackgroundProcessamentoLog	MeetingId	nvarchar	510	False	False	0	
dbo	ReuniaoBackgroundProcessamentoLog	OrganizadorEmail	nvarchar	510	True	False	0	
dbo	ReuniaoBackgroundProcessamentoLog	StatusReuniaoAtual	nvarchar	100	True	False	0	
dbo	ReuniaoBackgroundProcessamentoLog	UltimaMudancaStatusEm	datetime2	8	True	False	0	
dbo	ReuniaoBackgroundProcessamentoLog	UltimaTentativaStatusEm	datetime2	8	True	False	0	
dbo	ReuniaoBackgroundProcessamentoLog	ProximaTentativaStatusEm	datetime2	8	True	False	0	
dbo	ReuniaoBackgroundProcessamentoLog	TentativasStatusRealizadas	int	4	False	False	0	
dbo	ReuniaoBackgroundProcessamentoLog	TentativasStatusRestantes	int	4	False	False	0	
dbo	ReuniaoBackgroundProcessamentoLog	UltimoErroStatus	nvarchar	-1	True	False	0	
dbo	ReuniaoBackgroundProcessamentoLog	UltimaTentativaAttendanceEm	datetime2	8	True	False	0	
dbo	ReuniaoBackgroundProcessamentoLog	ProximaTentativaAttendanceEm	datetime2	8	True	False	0	
dbo	ReuniaoBackgroundProcessamentoLog	TentativasAttendanceRealizadas	int	4	False	False	0	
dbo	ReuniaoBackgroundProcessamentoLog	TentativasAttendanceRestantes	int	4	False	False	0	
dbo	ReuniaoBackgroundProcessamentoLog	AttendanceObtido	bit	1	False	False	0	
dbo	ReuniaoBackgroundProcessamentoLog	DataAtualizacaoAttendance	datetime2	8	True	False	0	
dbo	ReuniaoBackgroundProcessamentoLog	UltimoErroAttendance	nvarchar	-1	True	False	0	
dbo	ReuniaoBackgroundProcessamentoLog	UltimaTentativaTranscricaoEm	datetime2	8	True	False	0	
dbo	ReuniaoBackgroundProcessamentoLog	ProximaTentativaTranscricaoEm	datetime2	8	True	False	0	
dbo	ReuniaoBackgroundProcessamentoLog	TentativasTranscricaoRealizadas	int	4	False	False	0	
dbo	ReuniaoBackgroundProcessamentoLog	TentativasTranscricaoRestantes	int	4	False	False	0	
dbo	ReuniaoBackgroundProcessamentoLog	TranscricaoObtida	bit	1	False	False	0	
dbo	ReuniaoBackgroundProcessamentoLog	DataAtualizacaoTranscricao	datetime2	8	True	False	0	
dbo	ReuniaoBackgroundProcessamentoLog	UltimoErroTranscricao	nvarchar	-1	True	False	0	
dbo	ReuniaoBackgroundProcessamentoLog	ReprocessarStatus	bit	1	False	False	0	
dbo	ReuniaoBackgroundProcessamentoLog	ReprocessarTranscricao	bit	1	False	False	0	
dbo	ReuniaoBackgroundProcessamentoLog	DataSolicitacaoReprocessamentoStatus	datetime2	8	True	False	0	
dbo	ReuniaoBackgroundProcessamentoLog	DataSolicitacaoReprocessamentoTranscricao	datetime2	8	True	False	0	
dbo	ReuniaoBackgroundProcessamentoLog	UltimoResumoOperacao	nvarchar	1000	True	False	0	
dbo	ReuniaoBackgroundProcessamentoLog	DataCriacao	datetime2	8	False	False	0	
dbo	ReuniaoBackgroundProcessamentoLog	DataAtualizacao	datetime2	8	False	False	0	
dbo	ReuniaoBackgroundProcessamentoLog	MotivoStatusFinal	nvarchar	2000	True	False	0	
dbo	ReuniaoIntegracaoLog	Id	uniqueidentifier	16	False	False	1	
dbo	ReuniaoIntegracaoLog	ReuniaoId	uniqueidentifier	16	True	False	0	dbo.Reunioes
dbo	ReuniaoIntegracaoLog	MeetingId	nvarchar	510	False	False	0	
dbo	ReuniaoIntegracaoLog	OrganizadorEmail	nvarchar	510	True	False	0	
dbo	ReuniaoIntegracaoLog	TituloReuniao	nvarchar	510	True	False	0	
dbo	ReuniaoIntegracaoLog	DataReuniaoAgendada	datetime2	8	True	False	0	
dbo	ReuniaoIntegracaoLog	Sucesso	bit	1	True	False	0	
dbo	ReuniaoIntegracaoLog	FoiAdicionada	bit	1	False	False	0	
dbo	ReuniaoIntegracaoLog	FoiAtualizada	bit	1	False	False	0	
dbo	ReuniaoIntegracaoLog	PodeReprocessar	bit	1	False	False	0	
dbo	ReuniaoIntegracaoLog	ReprocessamentoPendente	bit	1	False	False	0	
dbo	ReuniaoIntegracaoLog	DataSolicitacaoReprocessamento	datetime2	8	True	False	0	
dbo	ReuniaoIntegracaoLog	UltimaTentativaEm	datetime2	8	True	False	0	
dbo	ReuniaoIntegracaoLog	UltimoSucessoEm	datetime2	8	True	False	0	
dbo	ReuniaoIntegracaoLog	UltimoMotivo	nvarchar	1000	True	False	0	
dbo	ReuniaoIntegracaoLog	UltimoErro	nvarchar	-1	True	False	0	
dbo	ReuniaoIntegracaoLog	Origem	nvarchar	200	True	False	0	
dbo	ReuniaoIntegracaoLog	DataCriacao	datetime2	8	False	False	0	
dbo	ReuniaoIntegracaoLog	DataAtualizacao	datetime2	8	False	False	0	
dbo	ReuniaoReprocessamentoPeriodoLoteLog	Id	uniqueidentifier	16	False	False	1	
dbo	ReuniaoReprocessamentoPeriodoLoteLog	Status	nvarchar	100	False	False	0	
dbo	ReuniaoReprocessamentoPeriodoLoteLog	StartDate	datetime2	8	False	False	0	
dbo	ReuniaoReprocessamentoPeriodoLoteLog	EndDate	datetime2	8	False	False	0	
dbo	ReuniaoReprocessamentoPeriodoLoteLog	VendedorEmail	nvarchar	510	True	False	0	
dbo	ReuniaoReprocessamentoPeriodoLoteLog	ExecutadoEmBackground	bit	1	False	False	0	
dbo	ReuniaoReprocessamentoPeriodoLoteLog	DataSolicitacao	datetime2	8	False	False	0	
dbo	ReuniaoReprocessamentoPeriodoLoteLog	DataInicioProcessamento	datetime2	8	True	False	0	
dbo	ReuniaoReprocessamentoPeriodoLoteLog	DataFimProcessamento	datetime2	8	True	False	0	
dbo	ReuniaoReprocessamentoPeriodoLoteLog	TotalEventosGraphEncontrados	int	4	False	False	0	
dbo	ReuniaoReprocessamentoPeriodoLoteLog	TotalSincronizacoesExecutadas	int	4	False	False	0	
dbo	ReuniaoReprocessamentoPeriodoLoteLog	TotalReunioesAdicionadas	int	4	False	False	0	
dbo	ReuniaoReprocessamentoPeriodoLoteLog	TotalReunioesAtualizadas	int	4	False	False	0	
dbo	ReuniaoReprocessamentoPeriodoLoteLog	TotalEventosIgnoradosPelasRegras	int	4	False	False	0	
dbo	ReuniaoReprocessamentoPeriodoLoteLog	TotalTranscricoesReavaliadas	int	4	False	False	0	
dbo	ReuniaoReprocessamentoPeriodoLoteLog	TotalTranscricoesEncontradas	int	4	False	False	0	
dbo	ReuniaoReprocessamentoPeriodoLoteLog	TotalReunioesEnfileiradasParaIA	int	4	False	False	0	
dbo	ReuniaoReprocessamentoPeriodoLoteLog	TotalNaoRealizadasReavaliadas	int	4	False	False	0	
dbo	ReuniaoReprocessamentoPeriodoLoteLog	TotalNaoRealizadasCorrigidas	int	4	False	False	0	
dbo	ReuniaoReprocessamentoPeriodoLoteLog	TotalFalhas	int	4	False	False	0	
dbo	ReuniaoReprocessamentoPeriodoLoteLog	ReunioesSincronizadasJson	nvarchar	-1	True	False	0	
dbo	ReuniaoReprocessamentoPeriodoLoteLog	ReunioesAdicionadasJson	nvarchar	-1	True	False	0	
dbo	ReuniaoReprocessamentoPeriodoLoteLog	ReunioesAtualizadasJson	nvarchar	-1	True	False	0	
dbo	ReuniaoReprocessamentoPeriodoLoteLog	ReunioesIgnoradasJson	nvarchar	-1	True	False	0	
dbo	ReuniaoReprocessamentoPeriodoLoteLog	FalhasJson	nvarchar	-1	True	False	0	
dbo	ReuniaoReprocessamentoPeriodoLoteLog	UltimoResumo	nvarchar	2000	True	False	0	
dbo	ReuniaoReprocessamentoPeriodoLoteLog	UltimoErro	nvarchar	-1	True	False	0	
dbo	ReuniaoReprocessamentoPeriodoLoteLog	DataCriacao	datetime2	8	False	False	0	
dbo	ReuniaoReprocessamentoPeriodoLoteLog	DataAtualizacao	datetime2	8	False	False	0	
dbo	Reunioes	Id	uniqueidentifier	16	False	False	1	
dbo	Reunioes	ClientId	uniqueidentifier	16	True	False	0	
dbo	Reunioes	Emails	nvarchar	-1	True	False	0	
dbo	Reunioes	Titulo	nvarchar	510	True	False	0	
dbo	Reunioes	Descricao	nvarchar	-1	True	False	0	
dbo	Reunioes	DataReuniao	date	3	False	False	0	
dbo	Reunioes	Hora	time	5	False	False	0	
dbo	Reunioes	TipoReuniaoId	uniqueidentifier	16	True	False	0	
dbo	Reunioes	Status	nvarchar	100	True	False	0	
dbo	Reunioes	ObsReuniao	nvarchar	-1	True	False	0	
dbo	Reunioes	MeetingId	nvarchar	510	True	False	0	
dbo	Reunioes	DataInicioAgendada	datetime2	8	True	False	0	
dbo	Reunioes	DataFimAgendada	datetime2	8	True	False	0	
dbo	Reunioes	DuracaoMinutos	int	4	True	False	0	
dbo	Reunioes	FoiCancelada	bit	1	True	False	0	
dbo	Reunioes	TranscriptId	nvarchar	510	True	False	0	
dbo	Reunioes	TemTranscricao	bit	1	True	False	0	
dbo	Reunioes	ConteudoTranscricao	nvarchar	-1	True	False	0	
dbo	Reunioes	DataCriacaoTranscricao	datetime2	8	True	False	0	
dbo	Reunioes	OrganizadorNome	nvarchar	510	True	False	0	
dbo	Reunioes	OrganizadorEmail	nvarchar	510	True	False	0	
dbo	Reunioes	TotalParticipantes	int	4	True	False	0	
dbo	Reunioes	DataProcessamento	datetime2	8	True	False	0	
dbo	Reunioes	UrlReuniao	nvarchar	1000	True	False	0	
dbo	Reunioes	AchouLead	bit	1	True	False	0	
dbo	Reunioes	DataInicioEfetiva	datetime2	8	True	False	0	
dbo	Reunioes	DataFimEfetiva	datetime2	8	True	False	0	
dbo	Reunioes	PromptIA	nvarchar	-1	True	False	0	
dbo	Reunioes	RespostaIA	nvarchar	-1	True	False	0	
dbo	Reunioes	ResumoIA	nvarchar	-1	True	False	0	
dbo	Reunioes	SentimentoGeral	nvarchar	40	True	False	0	
dbo	Reunioes	NotaReuniao	int	4	True	False	0	
dbo	Reunioes	StatusProcessamentoIA	nvarchar	100	True	False	0	
dbo	Reunioes	DataProcessamentoIA	datetime2	8	True	False	0	
dbo	Reunioes	ErroProcessamentoIA	nvarchar	-1	True	False	0	
dbo	Reunioes	TokensUtilizados	int	4	True	False	0	
dbo	Reunioes	ModeloIA	nvarchar	200	True	False	0	
dbo	Reunioes	VersaoPrompt	nvarchar	100	True	False	0	
dbo	Reunioes	OrganizadorEventoEmail	nvarchar	510	True	False	0	
dbo	Reunioes	DataCriacao	datetime2	8	True	False	0	
dbo	Senioridades	Id	uniqueidentifier	16	False	False	1	
dbo	Senioridades	Descricao	nvarchar	-1	False	False	0	
dbo	Senioridades	Ativo	bit	1	False	False	0	
dbo	ServiceBusLog	Id	uniqueidentifier	16	False	False	1	
dbo	ServiceBusLog	FilaNome	nvarchar	200	False	False	0	
dbo	ServiceBusLog	MessageId	nvarchar	510	True	False	0	
dbo	ServiceBusLog	CorrelationId	nvarchar	510	True	False	0	
dbo	ServiceBusLog	ConteudoMensagem	nvarchar	-1	False	False	0	
dbo	ServiceBusLog	Status	nvarchar	100	False	False	0	
dbo	ServiceBusLog	ErroDetalhes	nvarchar	-1	True	False	0	
dbo	ServiceBusLog	TentativaNumero	int	4	False	False	0	
dbo	ServiceBusLog	DataEnvio	datetime2	8	True	False	0	
dbo	ServiceBusLog	DataRecebimento	datetime2	8	True	False	0	
dbo	ServiceBusLog	DataProcessamento	datetime2	8	True	False	0	
dbo	ServiceBusLog	DataCriacao	datetime2	8	False	False	0	
dbo	ServiceBusLog	Origem	nvarchar	510	True	False	0	
dbo	ServiceBusLog	Destino	nvarchar	510	True	False	0	
dbo	ServiceBusLog	DuracaoProcessamentoMs	int	4	True	False	0	
dbo	Skills	Id	uniqueidentifier	16	False	False	1	
dbo	Skills	Nome	nvarchar	-1	False	False	0	
dbo	Skills	CategoriaSkillId	uniqueidentifier	16	True	False	0	dbo.CategoriaSkills
dbo	Skills	Ativo	bit	1	False	False	0	
dbo	StatusJuridicos	Id	uniqueidentifier	16	False	False	1	
dbo	StatusJuridicos	Descricao	nvarchar	-1	True	False	0	
dbo	StatusJuridicos	Ativo	bit	1	False	False	0	
dbo	StatusPreLeads	Id	uniqueidentifier	16	False	False	1	
dbo	StatusPreLeads	Descricao	nvarchar	510	True	False	0	
dbo	StatusPreLeads	Ativo	bit	1	True	False	0	
dbo	StatusPreLeads	NrDias	int	4	True	False	0	
dbo	StatusPreLeads	NrOrdem	int	4	True	False	0	
dbo	StatusPropostas	Id	uniqueidentifier	16	False	False	1	
dbo	StatusPropostas	Ativo	bit	1	True	False	0	
dbo	StatusPropostas	Descricao	varchar	255	True	False	0	
dbo	SugestoesIa	Id	uniqueidentifier	16	False	False	1	
dbo	SugestoesIa	ClientId	uniqueidentifier	16	False	False	0	
dbo	SugestoesIa	TarefaOrigemId	uniqueidentifier	16	True	False	0	
dbo	SugestoesIa	UsuarioId	nvarchar	-1	True	False	0	
dbo	SugestoesIa	TipoSugestao	int	4	False	False	0	
dbo	SugestoesIa	Status	int	4	False	False	0	
dbo	SugestoesIa	Conteudo	nvarchar	-1	True	False	0	
dbo	SugestoesIa	JustificativaIa	nvarchar	-1	True	False	0	
dbo	SugestoesIa	RascunhoMensagem	nvarchar	-1	True	False	0	
dbo	SugestoesIa	ModeloUtilizado	nvarchar	-1	True	False	0	
dbo	SugestoesIa	TokensConsumidos	int	4	False	False	0	
dbo	SugestoesIa	CriadoEm	datetime2	8	False	False	0	
dbo	SugestoesIa	RespondidoEm	datetime2	8	True	False	0	
dbo	SugestoesIa	FeedbackVendedor	nvarchar	-1	True	False	0	
dbo	SugestoesIa	VersaoPrompt	nvarchar	-1	True	False	0	
dbo	SugestoesIa	ExpiracaoEm	datetime2	8	True	False	0	
dbo	SugestoesIa	PrioridadeIa	int	4	True	False	0	
dbo	SugestoesIa	MotivoPrioridadeIa	nvarchar	1000	True	False	0	
dbo	SugestoesIa	PrioridadeAtualizadaEm	datetime2	8	True	False	0	
dbo	sysdiagrams	name	sysname	256	False	False	0	
dbo	sysdiagrams	principal_id	int	4	False	False	0	
dbo	sysdiagrams	diagram_id	int	4	False	True	1	
dbo	sysdiagrams	version	int	4	True	False	0	
dbo	sysdiagrams	definition	varbinary	-1	True	False	0	
dbo	Tags	Id	uniqueidentifier	16	False	False	1	
dbo	Tags	Descricao	nvarchar	-1	True	False	0	
dbo	Tarefas	Id	uniqueidentifier	16	False	False	1	
dbo	Tarefas	UsuarioID	varchar	100	True	False	0	dbo.AspNetUsers
dbo	Tarefas	TipoTarefaID	uniqueidentifier	16	False	False	0	dbo.TipoTarefas
dbo	Tarefas	ClientID	uniqueidentifier	16	False	False	0	dbo.Clients
dbo	Tarefas	Data	datetime	8	False	False	0	
dbo	Tarefas	Hora	time	5	True	False	0	
dbo	Tarefas	NotificarEmail	bit	1	False	False	0	
dbo	Tarefas	Descricao	nvarchar	-1	True	False	0	
dbo	Tarefas	DtReturn	datetime	8	True	False	0	
dbo	Tarefas	TarefaExecutada	bit	1	True	False	0	
dbo	Tarefas	ComentarioExecucao	nvarchar	-1	True	False	0	
dbo	Tarefas	DataExecucao	datetime	8	True	False	0	
dbo	Tarefas	LinkMeeting	nvarchar	-1	True	False	0	
dbo	Tarefas	DelegadoParaId	varchar	180	True	False	0	
dbo	Tarefas	QtdAdiamento	int	4	False	False	0	
dbo	Tarefas	ClientContactId	uniqueidentifier	16	True	False	0	dbo.ClientContacts
dbo	Tarefas	Canal	int	4	True	False	0	
dbo	Tarefas	GeradaPorIa	bit	1	False	False	0	
dbo	Tarefas	IaSuggestionId	uniqueidentifier	16	True	False	0	
dbo	Tarefas	RascunhoMensagem	nvarchar	-1	True	False	0	
dbo	TeamsWebhookLog	Id	uniqueidentifier	16	False	False	1	
dbo	TeamsWebhookLog	Data	datetime2	8	False	False	0	
dbo	TeamsWebhookLog	CorrelationId	nvarchar	200	True	False	0	
dbo	TeamsWebhookLog	QueryString	nvarchar	-1	True	False	0	
dbo	TeamsWebhookLog	ValidationToken	nvarchar	-1	True	False	0	
dbo	TeamsWebhookLog	HeadersJson	nvarchar	-1	True	False	0	
dbo	TeamsWebhookLog	Body	nvarchar	-1	True	False	0	
dbo	TeamsWebhookLog	Status	int	4	False	False	0	
dbo	TeamsWebhookLog	ErrorMessage	nvarchar	-1	True	False	0	
dbo	TipoJuridico	Id	uniqueidentifier	16	False	False	1	
dbo	TipoJuridico	Descricao	nvarchar	-1	True	False	0	
dbo	TipoJuridico	NrDias	int	4	False	False	0	
dbo	TipoJuridico	Ativo	bit	1	False	False	0	
dbo	TipoReuniao	Id	uniqueidentifier	16	False	False	1	
dbo	TipoReuniao	Descricao	nvarchar	510	False	False	0	
dbo	TipoReuniao	Ativo	bit	1	False	False	0	
dbo	TipoTarefas	Id	uniqueidentifier	16	False	False	1	
dbo	TipoTarefas	Descricao	nvarchar	-1	True	False	0	
dbo	TipoTarefas	Ativo	bit	1	False	False	0	
dbo	Vagas	Id	uniqueidentifier	16	False	False	1	
dbo	Vagas	Descricao	nvarchar	-1	True	False	0	
dbo	Vagas	AberturaVaga	datetime2	8	False	False	0	
dbo	Vagas	FechamentoVaga	datetime2	8	False	False	0	
dbo	Vagas	Obs	nvarchar	-1	True	False	0	
dbo	Vagas	Expectativa	bit	1	False	False	0	
dbo	Vagas	SalarioMax	decimal	9	False	False	0	
dbo	Vagas	SalarioMin	decimal	9	False	False	0	
dbo	Vagas	UsuarioId	varchar	100	True	False	0	dbo.AspNetUsers
dbo	VagasLinkedin	Id	uniqueidentifier	16	False	False	1	
dbo	VagasLinkedin	KeyWords	nvarchar	-1	True	False	0	
dbo	VagasLinkedin	Localization	nvarchar	-1	True	False	0	
dbo	VagasLinkedin	Link	nvarchar	-1	True	False	0	
dbo	VagasLinkedin	Empresa	nvarchar	-1	True	False	0	
dbo	VagasLinkedin	Vaga	nvarchar	-1	True	False	0	
dbo	VagasLinkedin	DtPost	nvarchar	-1	True	False	0	
dbo	VagasSkills	Id	uniqueidentifier	16	False	False	1	
dbo	VagasSkills	VagaId	uniqueidentifier	16	True	False	0	dbo.Vagas
dbo	VagasSkills	SkillId	uniqueidentifier	16	True	False	0	dbo.Skills
dbo	VagasSkills	SenioridadeId	uniqueidentifier	16	True	False	0	dbo.Senioridades

